Линия,Название станции,Дата открытия,Пересадки,Глубина,Тип конструкции,Координаты
Сокольническая линия,Бульвар Рокоссовского,01.08.1990,,−8 м,колонная,55.8148°с.ш. 37.7342°в.д.
Сокольническая линия,Черкизовская,01.08.1990,,−9 м,односводчатая,55.8038°с.ш. 37.7448°в.д.
Сокольническая линия,Преображенская площадь,31.12.1965,,−8 м,колонная,55.7963°с.ш. 37.7151°в.д.
Сокольническая линия,Сокольники,15.05.1935,,−9 м,колонная,55.7888°с.ш. 37.6802°в.д.
Сокольническая линия,Красносельская,15.05.1935,,−8 м,колонная,55.7801°с.ш. 37.6673°в.д.
Сокольническая линия,Комсомольская,15.05.1935,Переход на станцию Комсомольская Кольцевой линии,−8 м,колонная,55.7753°с.ш. 37.6562°в.д.
Сокольническая линия,Красные ворота,15.05.1935,,−31 м,пилонная,55.7690°с.ш. 37.6487°в.д.
Сокольническая линия,Чистые пруды,15.05.1935,Переход на станцию Тургеневская Калужско-Рижской линииПереход на станцию Сретенский бульвар Люблинско-Дмитровской линии,−35 м,пилонная,55.7657°с.ш. 37.6388°в.д.
Сокольническая линия,Лубянка,15.05.1935,Переход на станцию Кузнецкий мост Таганско-Краснопресненской линии,"−32,5 м",пилонная,55.7597°с.ш. 37.6272°в.д.
Сокольническая линия,Охотный ряд,15.05.1935,Переход на станцию Театральная Замоскворецкой линии,−15 м,пилонная,55.7577°с.ш. 37.6166°в.д.
Сокольническая линия,Библиотека имени Ленина,15.05.1935,Переход на станцию Арбатская Арбатско-Покровской линииПереход на станцию Александровский сад Филёвской линииПереход на станцию Боровицкая Серпуховско-Тимирязевской линии,−12 м,односводчатая,55.7512°с.ш. 37.6100°в.д.
Сокольническая линия,Кропоткинская,15.05.1935,,−13 м,колонная,55.7453°с.ш. 37.6037°в.д.
Сокольническая линия,Парк культуры,15.05.1935,Переход на станцию Парк культуры Кольцевой линии,"−10,5 м",колонная,55.7356°с.ш. 37.5943°в.д.
Сокольническая линия,Фрунзенская,01.05.1957,,−42 м,пилонная,55.7267°с.ш. 37.5786°в.д.
Сокольническая линия,Спортивная,01.05.1957,,−42 м,пилонная,55.7233°с.ш. 37.5639°в.д.
Сокольническая линия,Воробьёвы горы,12.01.1959,,+10 м,эстакадная крытая,55.7103°с.ш. 37.5592°в.д.
Сокольническая линия,Университет,12.01.1959,,"−26,5 м",пилонная,55.6926°с.ш. 37.5333°в.д.
Сокольническая линия,Проспект Вернадского,30.12.1963,,−8 м,колонная,55.6771°с.ш. 37.5060°в.д.
Сокольническая линия,Юго-Западная,30.12.1963,,−8 м,колонная,55.6637°с.ш. 37.4833°в.д.
Сокольническая линия,Тропарёво,08.12.2014,,−12 м[2],односводчатая,55.6459°с.ш. 37.4725°в.д.
Сокольническая линия,Румянцево,18.01.2016,,−12 м[3],колонная,55.6330°с.ш. 37.4419°в.д.
Сокольническая линия,Саларьево,15.02.2016,,−12 м[4],колонная,55.6219°с.ш. 37.4242°в.д.
Замоскворецкая линия,Речной вокзал,31.12.1964,,−6 м,колонная,55.8549°с.ш. 37.4761°в.д.
Замоскворецкая линия,Водный стадион,31.12.1964,,−6 м,колонная,55.8398°с.ш. 37.4867°в.д.
Замоскворецкая линия,Войковская,31.12.1964,,−7 м,колонная,55.8190°с.ш. 37.4980°в.д.
Замоскворецкая линия,Сокол,11.09.1938,,"−9,6 м",колонная,55.8051°с.ш. 37.5153°в.д.
Замоскворецкая линия,Аэропорт,11.09.1938,,−10 м,односводчатая,55.8003°с.ш. 37.5329°в.д.
Замоскворецкая линия,Динамо,11.09.1938,,"−39,6 м",пилонная,55.7897°с.ш. 37.5580°в.д.
Замоскворецкая линия,Белорусская,11.09.1938,Переход на станцию Белорусская Кольцевой линии,"−33,1 м",пилонная,55.7767°с.ш. 37.5835°в.д.
Замоскворецкая линия,Маяковская,11.09.1938,,"−33,1 м",колонная,55.7701°с.ш. 37.5958°в.д.
Замоскворецкая линия,Тверская,20.07.1979,Переход на станцию Пушкинская Таганско-Краснопресненской линииПереход на станцию Чеховская Серпуховско-Тимирязевской линии,−42 м,пилонная,55.7647°с.ш. 37.6065°в.д.
Замоскворецкая линия,Театральная,11.09.1938,Переход на станцию Охотный ряд Сокольнической линииПереход на станцию Площадь Революции Арбатско-Покровской линии,"−33,9 м",пилонная,55.7578°с.ш. 37.6190°в.д.
Замоскворецкая линия,Новокузнецкая,20.11.1943,Переход на станцию Третьяковская Калужско-Рижской линииПереход на станцию Третьяковская Калининской линии,"−37,5 м",пилонная,55.7415°с.ш. 37.6295°в.д.
Замоскворецкая линия,Павелецкая,20.11.1943,Переход на станцию Павелецкая Кольцевой линии,"−33,5 м",колонная,55.7305°с.ш. 37.6377°в.д.
Замоскворецкая линия,Автозаводская,01.01.1943,,−11 м,колонная,55.7074°с.ш. 37.6576°в.д.
Замоскворецкая линия,Технопарк,28.12.2015,,0 м,наземная крытая колонная трёхпролётная,55.6950°с.ш. 37.6641°в.д.
Замоскворецкая линия,Коломенская,11.08.1969,,−9 м,колонная,55.6785°с.ш. 37.6638°в.д.
Замоскворецкая линия,Каширская,11.08.1969,Кросс-платформенная пересадка на станцию Каширская Каховской линии,−7 м,колонная,55.6551°с.ш. 37.6487°в.д.
Замоскворецкая линия,Кантемировская,30.12.1984,,−8 м,односводчатая,55.6358°с.ш. 37.6564°в.д.
Замоскворецкая линия,Царицыно,30.12.1984,,−8 м,колонная,55.6214°с.ш. 37.6694°в.д.
Замоскворецкая линия,Орехово,30.12.1984,,−9 м,колонная,55.6132°с.ш. 37.6949°в.д.
Замоскворецкая линия,Домодедовская,07.09.1985,,"−9,5 м",колонная,55.6108°с.ш. 37.7186°в.д.
Замоскворецкая линия,Красногвардейская,07.09.1985,Переход на станцию Зябликово Люблинско-Дмитровской линии,−9 м,односводчатая,55.6137°с.ш. 37.7444°в.д.
Замоскворецкая линия,Алма-Атинская,24.12.2012,,−10 м,односводчатая,55.6326°с.ш. 37.7660°в.д.
Арбатско-Покровская линия,Пятницкое шоссе,28.12.2012,,−11 м,колонная,55.8563°с.ш. 37.3544°в.д.
Арбатско-Покровская линия,Митино,26.12.2009,,−14 м,односводчатая,55.8457°с.ш. 37.3622°в.д.
Арбатско-Покровская линия,Волоколамская,26.12.2009,,−14 м,колонная,55.8354°с.ш. 37.3822°в.д.
Арбатско-Покровская линия,Мякинино,26.12.2009,,0 м,"наземная, крытая,",55.8252°с.ш. 37.3852°в.д.
Арбатско-Покровская линия,Строгино,07.01.2008,,−8 м,односводчатая,55.8038°с.ш. 37.4031°в.д.
Арбатско-Покровская линия,Крылатское,31.12.1989,,"−9,5 м",односводчатая,55.7567°с.ш. 37.4081°в.д.
Арбатско-Покровская линия,Молодёжная,05.07.1965,,"−6,5 м",колонная,55.7408°с.ш. 37.4168°в.д.
Арбатско-Покровская линия,Кунцевская,07.01.2008,Кросс-платформенная пересадка на станцию Кунцевская Филёвской линии,0 м,"наземная, открытая",55.7307°с.ш. 37.4459°в.д.
Арбатско-Покровская линия,Славянский бульвар,07.09.2008,,"−8,5 м",односводчатая,55.7296°с.ш. 37.4706°в.д.
Арбатско-Покровская линия,Парк Победы,06.05.2003,Кросс-платформенная пересадка на станцию Парк Победы Калининской линии,"−73,6 м[5]",пилонная,55.7362°с.ш. 37.5182°в.д.
Арбатско-Покровская линия,Киевская,05.04.1953,Переход на станцию Киевская Филёвской линииПереход на станцию Киевская Кольцевой линии,−38 м,пилонная,55.7442°с.ш. 37.5645°в.д.
Арбатско-Покровская линия,Смоленская,05.04.1953,,−50 м,пилонная,55.7474°с.ш. 37.5823°в.д.
Арбатско-Покровская линия,Арбатская,05.04.1953,Переход на станцию Библиотека имени Ленина Сокольнической линииПереход на станцию Александровский сад Филёвской линииПереход на станцию Боровицкая Серпуховско-Тимирязевской линии,−41 м,пилонная,55.7522°с.ш. 37.6061°в.д.
Арбатско-Покровская линия,Площадь Революции,13.03.1938,Переход на станцию Театральная Замоскворецкой линии,"−33,6 м",пилонная,55.7566°с.ш. 37.6216°в.д.
Арбатско-Покровская линия,Курская,13.03.1938,Переход на станцию Курская Кольцевой линииПереход на станцию Чкаловская Люблинско-Дмитровской линии,"−30,7 м",пилонная,55.7576°с.ш. 37.6577°в.д.
Арбатско-Покровская линия,Бауманская,18.01.1944,,"−32,5 м",пилонная,55.7730°с.ш. 37.6806°в.д.
Арбатско-Покровская линия,Электрозаводская,15.05.1944,,"−31,5 м",пилонная,55.7817°с.ш. 37.7037°в.д.
Арбатско-Покровская линия,Семёновская,18.01.1944,,−40 м,пилонная,55.7833°с.ш. 37.7208°в.д.
Арбатско-Покровская линия,Партизанская,18.01.1944,,−9 м,колонная,55.7886°с.ш. 37.7506°в.д.
Арбатско-Покровская линия,Измайловская,21.10.1961,,0 м,"наземная, открытая",55.7878°с.ш. 37.7814°в.д.
Арбатско-Покровская линия,Первомайская,21.10.1961,,−7 м,колонная,55.7948°с.ш. 37.7993°в.д.
Арбатско-Покровская линия,Щёлковская,22.07.1963,,−8 м,колонная,55.8094°с.ш. 37.7986°в.д.
Филёвская линия,Кунцевская,31.08.1965,Кросс-платформенная пересадка на станцию Кунцевская Арбатско-Покровской линии,0 м,"наземная, открытая",55.7307°с.ш. 37.4459°в.д.
Филёвская линия,Пионерская,13.10.1961,,0 м,"наземная, открытая",55.7360°с.ш. 37.4671°в.д.
Филёвская линия,Филёвский парк,13.10.1961,,0 м,"наземная, открытая",55.7396°с.ш. 37.4833°в.д.
Филёвская линия,Багратионовская,13.10.1961,,0 м,"наземная, открытая",55.7438°с.ш. 37.4977°в.д.
Филёвская линия,Фили,07.11.1959,,0 м,"наземная, открытая",55.7460°с.ш. 37.5150°в.д.
Филёвская линия,Кутузовская,07.11.1958,,0 м,"наземная, открытая",55.7399°с.ш. 37.5344°в.д.
Филёвская линия,Студенческая,07.11.1958,,0 м,"наземная, открытая",55.7388°с.ш. 37.5483°в.д.
Филёвская линия,Международная,30.08.2006,,−25 м,колонно-стеновая,55.7483°с.ш. 37.5339°в.д.
Филёвская линия,Выставочная,10.09.2005,Переход на станцию Деловой центр Калининской линии,−25 м,колонная,55.7502°с.ш. 37.5408°в.д.
Филёвская линия,Киевская,20.03.1937,Переход на станцию Киевская Арбатско-Покровской линииПереход на станцию Киевская Кольцевой линии,"−8,7 м",колонная,55.7436°с.ш. 37.5655°в.д.
Филёвская линия,Смоленская,15.05.1935,,−8 м,колонная,55.7488°с.ш. 37.5825°в.д.
Филёвская линия,Арбатская,15.05.1935,,−8 м,колонная,55.7518°с.ш. 37.6007°в.д.
Филёвская линия,Александровский сад,15.05.1935,Переход на станцию Библиотека имени Ленина Сокольнической линииПереход на станцию Арбатская Арбатско-Покровской линии,−7 м,колонная,55.7525°с.ш. 37.6085°в.д.
Кольцевая линия,Парк культуры,01.01.1950,Переход на станцию Парк культуры Сокольнической линии,−40 м,пилонная,55.7357°с.ш. 37.5915°в.д.
Кольцевая линия,Октябрьская,01.01.1950,Переход на станцию Октябрьская Калужско-Рижской линии,−40 м,пилонная,55.7297°с.ш. 37.6091°в.д.
Кольцевая линия,Добрынинская,01.01.1950,Переход на станцию Серпуховская Серпуховско-Тимирязевской линии,"−35,5 м",пилонная,55.7291°с.ш. 37.6243°в.д.
Кольцевая линия,Павелецкая,01.01.1950,Переход на станцию Павелецкая Замоскворецкой линии,−40 м,пилонная,55.7318°с.ш. 37.6379°в.д.
Кольцевая линия,Таганская,01.01.1950,Переход на станцию Таганская Таганско-Краснопресненской линииПереход на станцию Марксистская Калининской линии,−53 м,пилонная,55.7418°с.ш. 37.6517°в.д.
Кольцевая линия,Курская,01.01.1950,Переход на станцию Курская Арбатско-Покровской линииПереход на станцию Чкаловская Люблинско-Дмитровской линии,−40 м,колонная,55.7570°с.ш. 37.6595°в.д.
Кольцевая линия,Комсомольская,30.01.1952,Переход на станцию Комсомольская Сокольнической линии,−37 м,колонная,55.7748°с.ш. 37.6549°в.д.
Кольцевая линия,Проспект Мира,30.01.1952,Переход на станцию Проспект Мира Калужско-Рижской линии,−40 м,пилонная,55.7798°с.ш. 37.6318°в.д.
Кольцевая линия,Новослободская,30.01.1952,Переход на станцию Менделеевская Серпуховско-Тимирязевской линии,−40 м,пилонная,55.7799°с.ш. 37.6028°в.д.
Кольцевая линия,Белорусская,30.01.1952,Переход на станцию Белорусская Замоскворецкой линии,"−42,5 м",пилонная,55.7764°с.ш. 37.5844°в.д.
Кольцевая линия,Краснопресненская,14.03.1954,Переход на станцию Баррикадная Таганско-Краснопресненской линии,"−35,5 м",пилонная,55.7613°с.ш. 37.5774°в.д.
Кольцевая линия,Киевская,14.03.1954,Переход на станцию Киевская Арбатско-Покровской линииПереход на станцию Киевская Филёвской линии,−48 м,пилонная,55.7446°с.ш. 37.5644°в.д.
Калужско-Рижская линия,Медведково,30.09.1978,,−10 м,колонная,55.8872°с.ш. 37.6613°в.д.
Калужско-Рижская линия,Бабушкинская,30.09.1978,,−10 м,односводчатая,55.8694°с.ш. 37.6644°в.д.
Калужско-Рижская линия,Свиблово,30.09.1978,,−8 м,колонная,55.8552°с.ш. 37.6527°в.д.
Калужско-Рижская линия,Ботанический сад,30.09.1978,,−7 м,колонная,55.8449°с.ш. 37.6383°в.д.
Калужско-Рижская линия,ВДНХ,01.05.1958,,"−53,5 м",пилонная,55.8211°с.ш. 37.6411°в.д.
Калужско-Рижская линия,Алексеевская,01.05.1958,,−51 м,пилонная,55.8088°с.ш. 37.6390°в.д.
Калужско-Рижская линия,Рижская,01.05.1958,,−46 м,пилонная,55.7936°с.ш. 37.6362°в.д.
Калужско-Рижская линия,Проспект Мира,01.05.1958,Переход на станцию Проспект Мира Кольцевой линии,−50 м,пилонная,55.7812°с.ш. 37.6318°в.д.
Калужско-Рижская линия,Сухаревская,05.01.1972,,−43 м,пилонная,55.7733°с.ш. 37.6319°в.д.
Калужско-Рижская линия,Тургеневская,05.01.1972,Переход на станцию Чистые пруды Сокольнической линииПереход на станцию Сретенский бульвар Люблинско-Дмитровской линии,−49 м,пилонная,55.7661°с.ш. 37.6374°в.д.
Калужско-Рижская линия,Китай-город,03.01.1971,Кросс-платформенная пересадка на станцию Китай-город Таганско-Краснопресненской линии,−29 м,колонная,55.7553°с.ш. 37.6333°в.д.
Калужско-Рижская линия,Третьяковская,03.01.1971,Переход на станцию Новокузнецкая Замоскворецкой линииКросс-платформенная пересадка на станцию Третьяковская Калининской линии,−46 м,пилонная,55.7412°с.ш. 37.6274°в.д.
Калужско-Рижская линия,Октябрьская,13.10.1962,Переход на станцию Октябрьская Кольцевой линии,−50 м,пилонная,55.7306°с.ш. 37.6112°в.д.
Калужско-Рижская линия,Шаболовская,06.11.1980,,"−46,5 м",пилонная,55.7198°с.ш. 37.6083°в.д.
Калужско-Рижская линия,Ленинский проспект,13.10.1962,,−16 м,колонная,55.7077°с.ш. 37.5861°в.д.
Калужско-Рижская линия,Академическая,13.10.1962,,"−8,5 м",колонная,55.6877°с.ш. 37.5733°в.д.
Калужско-Рижская линия,Профсоюзная,13.10.1962,,−7 м,колонная,55.6780°с.ш. 37.5627°в.д.
Калужско-Рижская линия,Новые Черёмушки,13.10.1962,,−7 м,колонная,55.6702°с.ш. 37.5544°в.д.
Калужско-Рижская линия,Калужская,12.08.1974,,−10 м,колонная,55.6571°с.ш. 37.5405°в.д.
Калужско-Рижская линия,Беляево,12.08.1974,,−12 м,колонная,55.6428°с.ш. 37.5257°в.д.
Калужско-Рижская линия,Коньково,06.11.1987,,−8 м,односводчатая,55.6333°с.ш. 37.5188°в.д.
Калужско-Рижская линия,Тёплый Стан,06.11.1987,,−8 м,колонная,55.6191°с.ш. 37.5082°в.д.
Калужско-Рижская линия,Ясенево,17.01.1990,,−8 м,колонная,55.6063°с.ш. 37.5333°в.д.
Калужско-Рижская линия,Новоясеневская,17.01.1990,Переход на станцию Битцевский парк Бутовской линии,−7 м,колонная,55.6010°с.ш. 37.5541°в.д.
Таганско-Краснопресненская линия,Планерная,30.12.1975,,−6 м,колонная,55.8607°с.ш. 37.4364°в.д.
Таганско-Краснопресненская линия,Сходненская,30.12.1975,,−6 м,односводчатая,55.8505°с.ш. 37.4396°в.д.
Таганско-Краснопресненская линия,Тушинская,30.12.1975,,"−10,5 м",колонная,55.8267°с.ш. 37.4368°в.д.
Таганско-Краснопресненская линия,Спартак,27.08.2014,,−10 м[6],колонная,55.8182°с.ш. 37.4353°в.д.
Таганско-Краснопресненская линия,Щукинская,30.12.1975,,−13 м,колонная,55.8086°с.ш. 37.4641°в.д.
Таганско-Краснопресненская линия,Октябрьское поле,30.12.1972,,−9 м,колонная,55.7935°с.ш. 37.4935°в.д.
Таганско-Краснопресненская линия,Полежаевская,30.12.1972,,−10 м,колонная,55.7775°с.ш. 37.5192°в.д.
Таганско-Краснопресненская линия,Беговая,30.12.1972,,−9 м,колонная,55.7738°с.ш. 37.5468°в.д.
Таганско-Краснопресненская линия,Улица 1905 года,30.12.1972,,−11 м,колонная,55.7650°с.ш. 37.5613°в.д.
Таганско-Краснопресненская линия,Баррикадная,30.12.1972,Переход на станцию Краснопресненская Кольцевой линии,−30 м,пилонная,55.7612°с.ш. 37.5795°в.д.
Таганско-Краснопресненская линия,Пушкинская,17.12.1975,Переход на станцию Тверская Замоскворецкой линииПереход на станцию Чеховская Серпуховско-Тимирязевской линии,−51 м,колонная,55.7650°с.ш. 37.6079°в.д.
Таганско-Краснопресненская линия,Кузнецкий мост,17.12.1975,Переход на станцию Лубянка Сокольнической линии,"−39,5 м",колонная,55.7606°с.ш. 37.6259°в.д.
Таганско-Краснопресненская линия,Китай-город,03.01.1971,Кросс-платформенная пересадка на станцию Китай-город Калужско-Рижской линии,−29 м,колонная,55.7553°с.ш. 37.6333°в.д.
Таганско-Краснопресненская линия,Таганская,31.12.1966,Переход на станцию Таганская Кольцевой линииПереход на станцию Марксистская Калининской линии,−36 м,пилонная,55.7402°с.ш. 37.6522°в.д.
Таганско-Краснопресненская линия,Пролетарская,31.12.1966,Переход на станцию Крестьянская застава Люблинско-Дмитровской линии,−9 м,колонная,55.7319°с.ш. 37.6659°в.д.
Таганско-Краснопресненская линия,Волгоградский проспект,31.12.1966,,−8 м,колонная,55.7253°с.ш. 37.6869°в.д.
Таганско-Краснопресненская линия,Текстильщики,31.12.1966,,−13 м,колонная,55.7088°с.ш. 37.7316°в.д.
Таганско-Краснопресненская линия,Кузьминки,31.12.1966,,−8 м,колонная,55.7056°с.ш. 37.7656°в.д.
Таганско-Краснопресненская линия,Рязанский проспект,31.12.1966,,−6 м,колонная,55.7170°с.ш. 37.7933°в.д.
Таганско-Краснопресненская линия,Выхино,31.12.1966,,0 м,"наземная, открытая",55.7156°с.ш. 37.8181°в.д.
Таганско-Краснопресненская линия,Лермонтовский проспект,09.11.2013,,−12 м,односводчатая,55.7013°с.ш. 37.8525°в.д.
Таганско-Краснопресненская линия,Жулебино,09.11.2013,,−15 м,колонная,55.6855°с.ш. 37.8563°в.д.
Таганско-Краснопресненская линия,Котельники,21.09.2015,,−15 м,колонная,55.6743°с.ш. 37.8582°в.д.
Солнцевская линия,Парк Победы,31.01.2014,Кросс-платформенная пересадка на станцию Парк Победы Арбатско-Покровской линии,"−73,6 м[5]",пилонная,55.7362°с.ш. 37.5182°в.д.
Солнцевская линия,Деловой центр,31.01.2014,Переход на станцию Выставочная Филёвской линии,−25 м[7],колонная,55.7491°с.ш. 37.5395°в.д.
Калининская линия,Третьяковская,25.01.1986,Переход на станцию Новокузнецкая Замоскворецкой линииКросс-платформенная пересадка на станцию Третьяковская Калужско-Рижской линии,−46 м,пилонная,55.7412°с.ш. 37.6274°в.д.
Калининская линия,Марксистская,30.12.1979,Переход на станцию Таганская Кольцевой линииПереход на станцию Таганская Таганско-Краснопресненской линии,−60 м,колонная,55.7411°с.ш. 37.6543°в.д.
Калининская линия,Площадь Ильича,30.12.1979,Переход на станцию Римская Люблинско-Дмитровской линии,−46 м,пилонная,55.7472°с.ш. 37.6824°в.д.
Калининская линия,Авиамоторная,30.12.1979,,−53 м,колонная,55.7524°с.ш. 37.7191°в.д.
Калининская линия,Шоссе Энтузиастов,30.12.1979,,−53 м,пилонная,55.7576°с.ш. 37.7500°в.д.
Калининская линия,Перово,30.12.1979,,−9 м,односводчатая,55.7511°с.ш. 37.7866°в.д.
Калининская линия,Новогиреево,30.12.1979,,−9 м,колонная,55.7517°с.ш. 37.8166°в.д.
Калининская линия,Новокосино,30.08.2012,,−9 м,односводчатая,55.7451°с.ш. 37.8638°в.д.
Серпуховско-Тимирязевская линия,Алтуфьево,15.07.1994,,−9 м,односводчатая,55.8980°с.ш. 37.5870°в.д.
Серпуховско-Тимирязевская линия,Бибирево,31.12.1992,,"−9,5 м",колонная,55.8838°с.ш. 37.6034°в.д.
Серпуховско-Тимирязевская линия,Отрадное,01.03.1991,,−9 м,односводчатая,55.8633°с.ш. 37.6047°в.д.
Серпуховско-Тимирязевская линия,Владыкино,01.03.1991,,"−10,5 м",колонная,55.8473°с.ш. 37.5899°в.д.
Серпуховско-Тимирязевская линия,Петровско-Разумовская,01.03.1991,,−61 м,колонная,55.8351°с.ш. 37.5745°в.д.
Серпуховско-Тимирязевская линия,Тимирязевская,01.03.1991,,"−63,5 м",односводчатая,55.8176°с.ш. 37.5765°в.д.
Серпуховско-Тимирязевская линия,Дмитровская,01.03.1991,,−59 м,пилонная,55.8069°с.ш. 37.5817°в.д.
Серпуховско-Тимирязевская линия,Савёловская,31.12.1988,,−52 м,пилонная,55.7927°с.ш. 37.5885°в.д.
Серпуховско-Тимирязевская линия,Менделеевская,31.12.1988,Переход на станцию Новослободская Кольцевой линии,"−48,5 м",колонная,55.7810°с.ш. 37.6011°в.д.
Серпуховско-Тимирязевская линия,Цветной бульвар,31.12.1988,Переход на станцию Трубная Люблинско-Дмитровской линии,−50 м,пилонная,55.7708°с.ш. 37.6187°в.д.
Серпуховско-Тимирязевская линия,Чеховская,31.12.1987,Переход на станцию Тверская Замоскворецкой линииПереход на станцию Пушкинская Таганско-Краснопресненской линии,−62 м,пилонная,55.7644°с.ш. 37.6097°в.д.
Серпуховско-Тимирязевская линия,Боровицкая,23.01.1986,Переход на станцию Библиотека имени Ленина Сокольнической линииПереход на станцию Арбатская Арбатско-Покровской линии,"−46,5 м",пилонная,55.7511°с.ш. 37.6072°в.д.
Серпуховско-Тимирязевская линия,Полянка,23.01.1986,,"−36,5 м",колонная,55.7379°с.ш. 37.6180°в.д.
Серпуховско-Тимирязевская линия,Серпуховская,08.11.1983,Переход на станцию Добрынинская Кольцевой линии,−43 м,пилонная,55.7280°с.ш. 37.6246°в.д.
Серпуховско-Тимирязевская линия,Тульская,08.11.1983,,"−9,5 м",односводчатая,55.7087°с.ш. 37.6229°в.д.
Серпуховско-Тимирязевская линия,Нагатинская,08.11.1983,,"−13,5 м",колонная,55.6830°с.ш. 37.6224°в.д.
Серпуховско-Тимирязевская линия,Нагорная,08.11.1983,,−9 м,колонная,55.6724°с.ш. 37.6104°в.д.
Серпуховско-Тимирязевская линия,Нахимовский проспект,08.11.1983,,"−9,5 м",односводчатая,55.6627°с.ш. 37.6055°в.д.
Серпуховско-Тимирязевская линия,Севастопольская,08.11.1983,Переход на станцию Каховская Каховской линии,−13 м,колонная,55.6524°с.ш. 37.5984°в.д.
Серпуховско-Тимирязевская линия,Чертановская,08.11.1983,,"−10,5 м",колонная,55.6405°с.ш. 37.6067°в.д.
Серпуховско-Тимирязевская линия,Южная,08.11.1983,,−10 м,односводчатая,55.6224°с.ш. 37.6090°в.д.
Серпуховско-Тимирязевская линия,Пражская,06.11.1985,,"−9,5 м",колонная,55.6124°с.ш. 37.6044°в.д.
Серпуховско-Тимирязевская линия,Улица академика Янгеля,31.08.2000,,−8 м,односводчатая,55.5949°с.ш. 37.6004°в.д.
Серпуховско-Тимирязевская линия,Аннино,12.12.2001,,−8 м,односводчатая,55.5828°с.ш. 37.5966°в.д.
Серпуховско-Тимирязевская линия,Бульвар Дмитрия Донского,26.12.2002,Переход на станцию Улица Старокачаловская Бутовской линии,−10 м,колонная,55.5693°с.ш. 37.5769°в.д.
Люблинско-Дмитровская линия,Марьина роща,19.06.2010,,−60 м,пилонная,55.7954°с.ш. 37.6162°в.д.
Люблинско-Дмитровская линия,Достоевская,19.06.2010,,−60 м,колонно-стеновая,55.7816°с.ш. 37.6151°в.д.
Люблинско-Дмитровская линия,Трубная,30.08.2007,Переход на станцию Цветной бульвар Серпуховско-Тимирязевской линии,−60 м,колонно-стеновая,55.7688°с.ш. 37.6200°в.д.
Люблинско-Дмитровская линия,Сретенский бульвар,29.12.2007,Переход на станцию Чистые пруды Сокольнической линииПереход на станцию Тургеневская Калужско-Рижской линии,−60 м,пилонная,55.7668°с.ш. 37.6392°в.д.
Люблинско-Дмитровская линия,Чкаловская,28.12.1995,Переход на станцию Курская Арбатско-Покровской линииПереход на станцию Курская Кольцевой линии,−51 м,пилонная,55.7565°с.ш. 37.6573°в.д.
Люблинско-Дмитровская линия,Римская,28.12.1995,Переход на станцию Площадь Ильича Калининской линии,−54 м,колонная,55.7463°с.ш. 37.6819°в.д.
Люблинско-Дмитровская линия,Крестьянская застава,28.12.1995,Переход на станцию Пролетарская Таганско-Краснопресненской линии,−47 м,колонно-стеновая,55.7331°с.ш. 37.6673°в.д.
Люблинско-Дмитровская линия,Дубровка,11.12.1999,,−62 м,колонно-стеновая,55.7186°с.ш. 37.6760°в.д.
Люблинско-Дмитровская линия,Кожуховская,28.12.1995,,−12 м,односводчатая,55.7074°с.ш. 37.6851°в.д.
Люблинско-Дмитровская линия,Печатники,28.12.1995,,−4 м,колонная,55.6934°с.ш. 37.7270°в.д.
Люблинско-Дмитровская линия,Волжская,28.12.1995,,−8 м,однопролётная,55.6909°с.ш. 37.7530°в.д.
Люблинско-Дмитровская линия,Люблино,25.12.1996,,−8 м,односводчатая,55.6758°с.ш. 37.7618°в.д.
Люблинско-Дмитровская линия,Братиславская,25.12.1996,,−8 м,колонная,55.6597°с.ш. 37.7505°в.д.
Люблинско-Дмитровская линия,Марьино,25.12.1996,,−8 м,однопролётная,55.6500°с.ш. 37.7431°в.д.
Люблинско-Дмитровская линия,Борисово,02.12.2011,,−10 м,односводчатая,55.6334°с.ш. 37.7436°в.д.
Люблинско-Дмитровская линия,Шипиловская,02.12.2011,,−10 м,односводчатая,55.6211°с.ш. 37.7437°в.д.
Люблинско-Дмитровская линия,Зябликово,02.12.2011,Переход на станцию Красногвардейская Замоскворецкой линии,−15 м,односводчатая,55.6124°с.ш. 37.7453°в.д.
Каховская линия,Каширская,11.08.1969,Кросс-платформенная пересадка на станцию Каширская Замоскворецкой линии,−7 м,колонная,55.6551°с.ш. 37.6487°в.д.
Каховская линия,Варшавская,11.08.1969,,−9 м,колонная,55.6533°с.ш. 37.6194°в.д.
Каховская линия,Каховская,11.08.1969,Переход на станцию Севастопольская Серпуховско-Тимирязевской линии,−8 м,колонная,55.6530°с.ш. 37.5983°в.д.
Бутовская линия,Битцевский парк,27.02.2014,Переход на станцию Новоясеневская Калужско-Рижской линии,−10 м,односводчатая,55.6004°с.ш. 37.5562°в.д.
Бутовская линия,Лесопарковая,27.02.2014,,−10 м,односводчатая,55.5821°с.ш. 37.5769°в.д.
Бутовская линия,Улица Старокачаловская,27.12.2003,Переход на станцию Бульвар Дмитрия Донского Серпуховско-Тимирязевской линии,−10 м,однопролётная,55.5690°с.ш. 37.5767°в.д.
Бутовская линия,Улица Скобелевская,27.12.2003,,"+9,6 м",эстакадная,55.5481°с.ш. 37.5546°в.д.
Бутовская линия,Бульвар адмирала Ушакова,27.12.2003,,"+9,6 м",эстакадная,55.5455°с.ш. 37.5430°в.д.
Бутовская линия,Улица Горчакова,27.12.2003,,"+9,6 м",эстакадная,55.5418°с.ш. 37.5308°в.д.
Бутовская линия,Бунинская аллея,27.12.2003,,"+9,6 м",эстакадная,55.5380°с.ш. 37.5158°в.д.
